region,transport_mode,shipment_volume_units,distance_km,priority,traffic_level,delivery_time_days
West,Rail,158.2,583.0,Standard,Medium,5.35
Central,Air,21.2,288.4,Express,Medium,1.71
East,Road,165.6,233.8,Standard,High,4.78
Central,Road,60.4,126.4,Standard,Medium,3.45
Central,Road,74.9,244.7,Standard,Medium,2.56
South,Road,227.2,136.4,Express,Medium,3.32
East,Road,149.9,184.3,Standard,High,3.42
East,Road,127.5,366.3,Standard,High,5.89
East,Road,271.6,204.1,Standard,Medium,3.75
Central,Road,98.9,196.5,Standard,Medium,3.33
West,Road,165.4,226.8,Standard,Medium,4.48
East,Road,171.0,791.5,Express,Medium,6.4
Central,Road,204.2,118.5,Standard,Low,3.47
South,Road,57.0,272.1,Standard,Medium,4.35
West,Road,98.6,555.4,Standard,Low,3.9
South,Air,118.3,226.5,Express,High,2.93
West,Road,202.6,436.4,Standard,Low,2.97
Central,Road,125.1,103.2,Standard,High,3.2
North,Rail,171.2,207.9,Standard,Medium,5.44
West,Road,54.6,145.0,Standard,Medium,2.64
South,Road,88.1,225.1,Standard,Medium,2.32
Central,Road,184.6,227.8,Standard,Low,4.37
West,Road,93.6,241.0,Standard,Medium,3.78
North,Rail,102.4,364.5,Standard,Low,4.96
North,Road,201.1,53.8,Standard,Medium,2.66
East,Road,66.8,163.5,Standard,Medium,3.79
East,Road,74.4,262.1,Standard,Medium,4.21
South,Road,51.8,70.1,Express,Low,1.03
West,Road,204.9,325.0,Express,Low,2.83
West,Road,159.0,161.7,Express,Medium,1.63
East,Road,157.2,210.1,Express,High,3.97
West,Air,87.0,373.3,Standard,Medium,3.38
West,Road,49.9,447.0,Standard,Medium,3.64
North,Road,43.3,330.3,Standard,Medium,5.16
East,Road,185.2,116.6,Standard,Low,2.37
Central,Road,131.4,321.5,Standard,High,4.41
East,Road,143.0,333.1,Standard,Medium,4.14
Central,Road,115.8,298.8,Express,Low,2.31
North,Road,70.1,485.6,Standard,Medium,5.55
South,Road,88.9,244.5,Standard,Low,2.47
West,Road,62.0,475.7,Express,High,4.1
North,Air,58.3,474.2,Standard,Low,3.3
West,Road,153.0,338.1,Standard,Medium,4.08
South,Road,45.2,274.5,Express,Low,2.51
South,Road,62.2,299.7,Standard,Medium,3.13
North,Air,91.3,541.4,Standard,Medium,3.71
South,Road,106.8,406.2,Standard,Medium,5.08
Central,Road,51.5,124.9,Standard,Medium,1.65
South,Air,44.6,289.7,Express,High,2.1
West,Rail,124.4,140.7,Standard,Low,2.12
West,Rail,112.8,159.0,Standard,Low,3.69
West,Road,183.7,188.5,Standard,Low,3.79
West,Road,107.6,97.4,Standard,High,3.55
Central,Road,130.2,135.4,Express,Medium,1.64
East,Air,72.0,499.7,Standard,Medium,3.19
North,Road,73.5,158.4,Standard,Medium,3.11
West,Road,54.1,365.6,Standard,Low,3.11
South,Road,72.3,256.6,Standard,Low,3.7
West,Rail,88.3,314.1,Express,Low,2.77
South,Road,175.3,321.3,Standard,Medium,4.51
South,Road,67.2,131.9,Standard,Low,2.37
West,Road,247.5,364.4,Standard,Low,3.46
Central,Road,135.5,109.4,Express,High,2.79
South,Road,122.9,154.6,Standard,High,4.37
South,Road,103.8,318.8,Express,Low,3.37
West,Road,94.8,126.8,Standard,Low,2.28
South,Road,77.5,65.9,Express,Low,0.85
South,Road,50.5,282.3,Standard,Medium,4.29
West,Road,68.3,87.3,Standard,High,2.91
West,Road,204.7,334.9,Standard,Low,3.85
North,Road,131.7,196.3,Standard,Low,3.14
Central,Road,203.8,280.2,Express,Medium,3.04
Central,Road,76.5,277.4,Express,Medium,2.39
South,Road,61.2,348.3,Standard,Low,3.86
Central,Road,103.3,323.8,Standard,Medium,1.37
South,Air,69.5,126.2,Standard,Low,2.1
North,Road,113.3,203.0,Express,Medium,2.33
West,Rail,45.5,280.0,Standard,Medium,4.38
West,Road,35.5,480.3,Standard,High,5.25
West,Road,120.8,325.4,Standard,Medium,4.69
Central,Rail,207.3,458.3,Standard,High,6.23
North,Road,123.2,288.0,Standard,Medium,3.47
Central,Road,131.1,410.0,Standard,Medium,3.1
Central,Road,105.4,267.6,Standard,Medium,3.24
North,Road,110.0,401.1,Express,High,3.26
North,Air,49.3,190.6,Standard,High,2.55
North,Rail,70.8,509.7,Standard,Low,4.77
North,Air,174.5,305.5,Standard,High,3.41
West,Road,58.7,97.8,Express,High,2.83
East,Rail,87.3,285.1,Standard,Medium,4.73
East,Air,172.9,325.9,Standard,Low,2.72
North,Road,108.6,371.1,Standard,High,3.53
East,Road,111.2,604.0,Standard,High,5.55
East,Rail,87.7,173.8,Standard,Low,4.33
North,Road,139.9,606.2,Express,High,6.01
East,Rail,155.5,233.8,Express,Low,2.5
Central,Road,69.0,150.3,Standard,Low,1.83
South,Rail,51.6,176.0,Standard,Medium,4.6
South,Road,38.9,315.6,Express,Medium,2.58
North,Road,128.2,137.8,Standard,Medium,3.33
West,Road,121.6,192.5,Express,Low,3.04
North,Rail,280.3,281.3,Standard,High,5.77
West,Road,105.6,507.6,Express,Low,3.04
South,Road,97.0,365.5,Express,Low,2.84
North,Road,115.1,239.1,Express,Low,3.78
Central,Rail,117.9,314.9,Standard,Medium,4.7
East,Road,93.5,266.4,Standard,High,4.93
West,Rail,70.0,115.5,Express,Medium,2.47
East,Road,103.0,554.7,Standard,High,6.5
East,Road,101.2,511.9,Standard,Low,5.1
North,Road,100.5,223.8,Standard,Medium,2.97
East,Road,146.7,179.6,Express,Medium,3.68
Central,Rail,102.2,117.1,Express,Medium,2.73
East,Road,52.1,325.5,Standard,Low,3.75
North,Road,75.5,326.6,Express,Medium,2.74
Central,Air,93.0,144.6,Standard,Medium,1.45
South,Road,104.4,268.1,Standard,Medium,3.1
East,Road,129.4,359.5,Standard,Medium,3.93
North,Air,104.8,172.7,Standard,Low,2.01
South,Road,35.9,208.7,Standard,Medium,3.06
South,Road,55.1,207.6,Express,Low,1.3
West,Air,133.5,149.9,Standard,High,4.18
Central,Road,91.8,211.1,Standard,Medium,2.45
East,Road,109.0,88.2,Express,Low,2.94
North,Road,86.5,201.6,Standard,High,3.37
West,Rail,75.3,203.3,Express,Medium,3.49
Central,Road,87.9,225.4,Standard,Low,2.57
West,Road,109.6,302.3,Express,Medium,2.62
Central,Air,101.8,111.6,Standard,Low,1.23
Central,Rail,155.1,124.1,Express,High,3.87
East,Road,47.4,147.7,Standard,High,3.75
Central,Road,50.6,104.9,Standard,High,2.85
West,Road,91.3,320.9,Express,Medium,2.02
Central,Rail,130.1,168.5,Standard,Medium,4.03
East,Road,143.0,229.3,Standard,Medium,3.32
East,Road,76.7,140.6,Standard,Low,3.04
West,Rail,25.2,189.7,Standard,Medium,4.06
South,Rail,77.9,275.1,Standard,Medium,4.54
South,Road,121.7,282.4,Standard,Low,2.91
Central,Rail,100.9,127.2,Standard,Medium,4.16
North,Road,132.3,223.0,Standard,High,4.3
Central,Rail,171.7,142.0,Standard,High,3.8
West,Road,94.3,218.4,Standard,Low,2.64
West,Road,82.0,160.6,Standard,Low,2.92
West,Rail,65.5,573.5,Standard,Low,4.47
West,Road,50.4,358.3,Standard,High,5.13
West,Road,44.1,289.0,Express,Low,1.75
East,Rail,73.2,198.9,Standard,Medium,4.06
South,Rail,161.0,363.9,Standard,Low,3.87
West,Road,138.1,226.6,Standard,Medium,3.95
North,Road,80.2,542.4,Standard,Medium,4.89
North,Road,248.6,383.3,Standard,Medium,4.19
North,Road,75.6,188.9,Standard,Low,2.68
North,Road,179.2,509.6,Standard,Medium,3.12
East,Road,198.6,199.5,Standard,Low,4.2
North,Air,125.5,591.3,Standard,Medium,3.97
West,Road,72.9,524.0,Standard,High,3.76
Central,Road,85.3,274.3,Standard,Low,1.98
North,Road,110.8,90.2,Standard,High,3.67
East,Air,51.1,262.9,Express,Medium,1.21
East,Road,62.6,119.7,Standard,Low,3.42
North,Road,60.1,163.4,Standard,Medium,3.55
Central,Road,129.8,170.4,Express,Low,2.18
North,Road,170.9,119.1,Standard,Medium,1.77
East,Road,140.6,263.5,Standard,Medium,3.92
South,Rail,158.1,152.6,Express,Low,2.51
West,Air,70.0,204.6,Express,Medium,0.67
East,Road,87.1,171.2,Standard,High,4.23
North,Road,90.2,303.0,Standard,High,4.03
West,Air,125.3,291.3,Standard,Medium,2.67
North,Rail,74.2,195.6,Express,High,4.76
North,Road,153.6,311.1,Standard,Medium,4.65
South,Road,196.0,437.5,Standard,Medium,4.69
West,Road,128.2,60.3,Express,High,4.18
West,Road,85.3,165.7,Standard,Medium,3.82
South,Rail,67.1,132.9,Standard,Medium,3.71
East,Air,60.2,157.4,Standard,Medium,2.04
North,Air,36.1,54.2,Standard,High,3.22
Central,Road,91.5,58.9,Express,High,3.31
North,Road,89.0,38.1,Standard,Medium,1.94
North,Air,149.3,174.5,Express,Low,1.93
East,Rail,76.5,171.7,Standard,Medium,4.27
North,Road,93.9,471.0,Standard,Medium,4.12
South,Air,115.9,252.3,Express,Low,0.4
South,Rail,127.2,306.9,Standard,Medium,4.53
West,Road,141.5,1267.1,Standard,Medium,7.84
Central,Road,110.6,60.5,Standard,Low,3.15
North,Road,52.5,547.3,Express,Low,4.28
North,Road,122.2,227.4,Standard,Low,2.88
East,Road,73.9,182.6,Standard,High,4.76
South,Rail,174.6,167.2,Standard,Low,4.32
Central,Road,102.7,279.3,Standard,Low,3.06
West,Road,113.7,183.5,Express,Medium,2.16
South,Road,291.1,117.1,Standard,Low,2.91
West,Road,142.7,170.8,Standard,Low,3.04
East,Air,121.2,283.7,Standard,Low,2.85
East,Road,95.2,336.0,Standard,Medium,4.23
North,Road,54.7,577.4,Express,Medium,2.59
Central,Rail,92.0,246.4,Standard,Medium,3.19
West,Road,66.7,451.4,Express,Medium,3.91
South,Road,207.1,208.9,Standard,High,3.28
East,Road,121.9,225.1,Standard,Medium,4.81
North,Road,171.7,218.5,Express,Low,3.36
North,Road,75.5,262.6,Standard,Low,3.27
West,Road,69.0,368.2,Standard,Medium,4.25
East,Road,136.3,179.2,Express,Medium,3.54
Central,Air,65.4,137.0,Standard,Low,1.01
East,Road,82.3,384.1,Standard,Medium,3.68
West,Road,211.7,369.5,Standard,Low,4.47
West,Road,83.8,489.4,Standard,Medium,5.33
East,Road,49.2,163.8,Standard,Medium,2.76
West,Road,40.6,204.7,Standard,Low,1.67
East,Road,46.3,391.8,Standard,Medium,4.4
South,Air,176.4,178.0,Express,Low,0.82
East,Road,77.7,328.4,Standard,Medium,4.42
East,Road,286.8,209.4,Standard,Low,4.81
West,Road,197.1,278.5,Standard,High,3.26
West,Air,235.1,115.8,Standard,Low,2.69
North,Road,159.9,244.7,Standard,High,4.49
North,Road,133.1,32.6,Express,Medium,2.61
South,Road,67.8,432.9,Standard,Medium,4.73
North,Rail,101.5,351.9,Express,Low,4.18
East,Road,139.2,131.8,Express,High,3.85
West,Air,155.4,552.7,Standard,Low,3.41
North,Road,57.2,418.7,Standard,Low,4.02
North,Road,92.7,119.0,Standard,Medium,2.8
South,Road,97.8,171.4,Standard,Low,1.7
South,Road,96.0,122.9,Express,Low,1.14
East,Road,60.9,282.8,Express,High,4.11
West,Road,222.2,167.2,Standard,High,3.83
South,Rail,91.2,68.3,Standard,Medium,3.08
North,Road,63.0,224.5,Express,High,4.81
West,Road,224.7,375.9,Express,Medium,4.27
West,Road,197.2,247.4,Standard,Low,3.12
North,Road,108.6,312.5,Standard,Medium,4.5
South,Road,40.4,260.5,Standard,Medium,3.25
North,Road,81.1,344.0,Express,High,4.28
West,Road,44.6,273.3,Standard,Low,3.17
Central,Rail,128.5,217.7,Standard,Medium,3.76
Central,Air,78.5,245.8,Standard,Low,1.14
East,Road,100.4,499.1,Standard,Low,5.41
North,Road,215.4,322.1,Standard,Low,4.36
North,Road,75.8,131.6,Express,High,1.84
East,Road,126.0,243.6,Standard,High,4.5
East,Road,143.4,280.0,Standard,Medium,3.84
East,Road,173.8,213.7,Standard,Medium,3.77
West,Rail,97.0,68.6,Standard,Low,3.47
North,Road,92.3,139.5,Standard,Low,2.8
West,Road,91.2,183.7,Standard,Low,1.77
East,Road,120.4,587.2,Standard,Medium,5.3
North,Road,193.3,303.3,Standard,Medium,4.66
West,Road,89.3,88.3,Standard,Medium,2.62
West,Road,27.7,221.3,Standard,Low,2.2
East,Road,150.8,457.6,Express,Low,4.12
North,Rail,104.9,165.8,Express,Low,3.99
East,Road,128.7,399.8,Standard,Medium,5.09
North,Road,45.4,90.0,Standard,High,4.57
Central,Road,78.6,36.0,Express,Medium,1.34
South,Road,145.2,431.7,Standard,High,5.38
South,Road,53.8,178.4,Express,Medium,2.5
South,Rail,125.9,70.4,Express,Medium,3.09
East,Rail,100.0,186.5,Standard,Low,4.3
Central,Rail,70.8,259.2,Standard,High,4.22
North,Road,68.1,297.6,Express,Medium,3.59
West,Road,61.1,45.4,Standard,Low,0.93
North,Road,104.7,158.4,Standard,Medium,2.54
West,Road,110.4,241.1,Standard,Medium,4.86
North,Air,85.2,297.2,Standard,Medium,2.39
Central,Road,59.3,130.7,Standard,High,4.02
West,Road,124.2,207.5,Standard,Medium,4.48
East,Road,152.1,165.5,Express,Medium,1.69
North,Road,134.6,264.0,Standard,Low,4.18
North,Road,239.7,423.4,Standard,Low,4.88
West,Road,93.2,192.4,Standard,Low,3.78
East,Road,184.5,99.6,Standard,Low,2.46
East,Air,74.1,153.4,Standard,Medium,3.33
Central,Rail,68.5,549.7,Express,Medium,4.04
East,Road,107.7,139.8,Express,Low,3.13
East,Road,203.5,111.7,Standard,High,4.62
East,Road,88.4,185.7,Standard,Low,3.77
South,Road,45.4,221.4,Standard,Low,2.91
Central,Road,150.8,171.4,Standard,Low,1.52
North,Road,98.0,90.3,Standard,Medium,1.07
West,Road,116.7,278.2,Standard,Low,3.28
North,Road,70.2,264.1,Express,Medium,2.86
Central,Road,107.2,337.2,Standard,Medium,4.02
West,Road,48.6,260.9,Standard,High,3.99
Central,Air,223.8,525.4,Express,Low,3.85
East,Rail,163.7,351.5,Standard,Low,5.06
West,Road,105.0,314.0,Standard,Low,2.97
East,Rail,148.9,431.7,Standard,Medium,5.91
North,Road,74.2,252.2,Standard,Low,2.92
North,Air,160.3,210.0,Express,High,2.77
West,Rail,86.6,276.4,Standard,Medium,3.45
West,Road,83.7,66.5,Express,Medium,1.95
Central,Road,63.1,252.6,Standard,Medium,2.95
Central,Road,123.5,221.2,Standard,Low,2.1
East,Road,102.8,293.0,Express,Low,4.35
West,Road,187.3,400.4,Standard,Low,3.19
North,Road,59.6,319.0,Standard,Medium,3.93
Central,Road,123.7,153.7,Standard,Low,2.03
Central,Rail,171.1,365.8,Standard,Low,4.49
North,Air,289.9,529.5,Standard,High,4.34
Central,Road,111.3,406.0,Standard,Low,4.11
East,Road,85.8,105.1,Standard,High,5.55
West,Road,110.0,317.2,Standard,Medium,3.24
North,Road,180.3,114.7,Express,Low,3.07
West,Air,180.3,198.4,Standard,Low,1.58
Central,Road,96.1,288.3,Express,Low,3.3
Central,Road,178.8,267.9,Standard,Medium,5.13
North,Road,100.6,401.8,Standard,Medium,4.26
East,Road,148.1,530.9,Express,Medium,3.72
South,Road,130.4,304.2,Standard,High,5.42
North,Rail,84.2,189.9,Standard,Medium,4.32
South,Road,64.2,68.5,Standard,Low,2.63
South,Road,173.2,456.1,Standard,Low,4.06
East,Road,195.5,221.9,Standard,High,4.5
South,Air,122.4,228.5,Standard,Low,2.71
South,Rail,100.5,238.8,Express,Low,3.34
East,Road,56.0,296.6,Standard,Medium,3.18
South,Road,171.1,301.4,Express,Medium,3.87
South,Road,115.9,200.2,Express,High,3.94
South,Road,89.8,220.6,Standard,Medium,3.31
North,Air,150.0,163.9,Standard,Low,2.94
North,Road,51.2,153.6,Express,High,2.91
North,Road,61.6,153.2,Express,Low,1.93
East,Road,72.9,219.2,Standard,Low,3.86
Central,Road,128.5,136.3,Standard,Medium,3.05
South,Road,110.5,34.3,Standard,Low,1.41
South,Rail,135.5,188.0,Standard,Medium,4.35
East,Road,165.7,109.1,Standard,Low,2.94
South,Road,137.8,247.9,Standard,Medium,4.35
North,Road,226.0,163.5,Standard,Medium,3.93
Central,Road,165.5,298.6,Standard,Medium,3.86
West,Road,96.0,115.3,Standard,High,3.02
South,Road,78.4,76.6,Standard,Low,2.23
North,Rail,97.4,221.0,Standard,Medium,4.98
West,Road,140.0,183.5,Standard,Medium,2.83
Central,Road,82.4,103.4,Standard,Low,2.18
West,Road,141.8,351.6,Standard,Medium,3.43
North,Road,134.4,127.4,Standard,Medium,2.61
West,Air,63.8,149.4,Express,Low,0.48
East,Rail,164.1,387.8,Standard,Medium,5.68
West,Road,120.4,308.0,Standard,Low,4.58
South,Road,220.8,119.2,Standard,Medium,3.24
South,Road,100.7,193.0,Express,Low,2.21
East,Road,87.9,112.1,Standard,High,3.45
North,Road,59.9,372.7,Standard,Medium,4.55
South,Road,59.5,372.5,Standard,Medium,4.31
Central,Road,155.1,572.7,Standard,Medium,5.87
South,Road,210.4,691.8,Standard,High,7.41
South,Rail,96.8,162.4,Standard,Medium,4.23
North,Road,93.8,340.6,Standard,Low,3.33
West,Road,105.1,69.8,Standard,Medium,2.87
South,Rail,169.3,258.5,Standard,High,5.37
East,Road,64.1,293.9,Standard,Medium,4.76
West,Road,113.6,131.5,Express,Medium,2.86
Central,Road,156.7,156.6,Standard,High,3.78
North,Road,127.8,373.9,Express,High,3.53
Central,Rail,23.6,297.9,Standard,High,5.69
West,Rail,138.1,533.7,Standard,Low,5.36
West,Road,128.4,500.6,Standard,Medium,4.41
West,Road,184.4,81.8,Express,Medium,2.71
Central,Road,202.5,171.9,Standard,Medium,3.44
West,Road,180.1,123.5,Standard,Medium,4.07
Central,Road,105.3,348.4,Standard,Low,2.05
West,Air,44.4,272.6,Standard,Medium,1.93
East,Road,249.8,128.6,Standard,Medium,5.11
West,Air,93.5,140.7,Standard,Low,1.66
Central,Road,103.8,441.8,Standard,Medium,5.34
South,Road,209.1,183.3,Standard,Low,2.47
West,Road,70.5,63.0,Standard,Low,2.79
South,Rail,51.9,121.8,Standard,Low,3.84
East,Rail,82.6,593.1,Standard,Medium,5.05
North,Rail,72.4,393.9,Standard,Medium,4.79
East,Road,49.5,107.8,Standard,Medium,3.24
West,Road,97.7,258.4,Standard,Medium,2.45
South,Rail,105.7,380.8,Express,High,4.86
South,Road,48.1,81.2,Express,Low,2.17
Central,Road,87.6,403.7,Express,Low,2.52
South,Road,70.2,296.3,Standard,High,4.73
Central,Air,38.0,151.2,Standard,Low,1.22
North,Air,107.3,322.2,Standard,High,3.69
West,Road,112.3,274.7,Standard,High,3.96
Central,Rail,70.2,285.1,Standard,Medium,4.55
North,Air,163.4,253.3,Express,High,1.87
South,Road,102.7,137.7,Express,Low,2.02
South,Road,71.8,153.2,Express,Low,2.88
North,Air,46.6,203.7,Standard,Medium,1.91
South,Road,115.1,239.4,Standard,Medium,3.21
North,Road,128.2,332.6,Standard,High,5.48
Central,Road,80.4,600.7,Standard,Low,4.38
Central,Air,108.9,265.0,Standard,Medium,2.75
North,Air,202.5,329.4,Standard,Medium,3.27
Central,Air,151.7,370.4,Standard,Medium,1.3
Central,Road,32.4,342.1,Standard,Low,3.8
Central,Rail,71.4,134.6,Standard,Medium,4.84
East,Rail,95.5,463.9,Express,High,6.59
West,Road,105.4,425.6,Standard,Low,1.42
South,Rail,110.0,251.4,Express,High,4.81
East,Road,124.5,139.4,Standard,Medium,3.39
Central,Road,97.0,237.3,Standard,Medium,2.61
North,Road,102.6,87.5,Standard,Medium,3.19
Central,Road,155.3,496.2,Standard,Low,3.99
West,Road,116.1,161.4,Express,Medium,2.79
Central,Road,57.1,197.9,Standard,High,3.85
North,Road,107.0,477.5,Standard,Medium,4.02
West,Rail,95.7,447.4,Standard,High,5.41
Central,Road,37.9,280.6,Express,Medium,2.12
West,Road,109.5,535.8,Standard,Low,3.08
South,Road,60.7,132.1,Express,Medium,1.46
South,Rail,156.3,280.7,Standard,High,5.35
Central,Road,123.7,132.8,Standard,Low,3.39
West,Road,55.6,411.9,Standard,High,4.45
North,Air,153.1,404.2,Standard,High,3.7
Central,Road,185.8,556.0,Standard,Medium,4.17
South,Road,90.2,233.3,Express,Low,2.39
South,Road,95.4,638.4,Standard,Medium,6.04
Central,Rail,146.2,126.3,Standard,Low,4.52
West,Road,179.4,226.4,Standard,Medium,3.83
South,Rail,42.9,129.0,Standard,Medium,3.77
West,Road,58.7,260.0,Standard,Medium,3.03
South,Air,83.4,135.7,Standard,Medium,1.7
South,Rail,87.7,412.5,Standard,Medium,5.42
East,Air,144.3,301.6,Standard,Medium,3.03
South,Road,179.8,120.1,Standard,Medium,3.29
North,Rail,186.0,362.0,Standard,Medium,5.21
Central,Road,42.4,515.7,Standard,Medium,3.91
Central,Road,68.2,317.5,Standard,High,4.3
West,Road,54.4,100.0,Standard,Medium,1.39
South,Rail,76.1,214.5,Express,Medium,3.8
North,Air,68.1,339.5,Express,Medium,3.67
West,Rail,123.5,203.2,Standard,Low,3.2
East,Road,130.4,125.4,Standard,Low,3.4
West,Road,102.0,437.7,Express,High,4.92
West,Rail,97.5,198.3,Express,Medium,4.08
South,Road,85.1,515.9,Express,Medium,3.86
East,Road,89.8,172.4,Standard,Medium,2.55
West,Road,201.5,191.8,Standard,Low,3.24
North,Road,139.2,164.8,Express,Medium,2.93
North,Road,86.6,212.4,Standard,Medium,3.35
Central,Road,96.6,299.0,Standard,Medium,3.48
East,Road,124.8,129.2,Standard,Medium,3.75
East,Road,55.6,115.4,Standard,Low,3.1
Central,Air,108.7,80.1,Standard,Low,1.2
West,Road,135.7,74.3,Standard,High,3.52
East,Road,127.8,100.7,Standard,Medium,3.8
North,Road,68.9,171.7,Standard,Medium,3.16
North,Road,75.0,257.4,Standard,Low,3.64
South,Air,35.8,290.0,Standard,Low,1.52
East,Rail,142.3,250.9,Standard,Medium,4.97
West,Road,241.1,484.6,Standard,Medium,3.87
Central,Road,64.3,567.2,Express,Medium,3.64
Central,Rail,165.1,198.8,Standard,Low,3.95
West,Air,231.0,130.5,Standard,Medium,1.54
South,Road,81.1,659.6,Standard,Low,4.61
Central,Road,96.7,429.7,Express,Low,1.35
East,Road,114.4,412.9,Standard,Medium,3.91
South,Air,125.9,167.8,Standard,Low,1.0
East,Road,117.2,366.9,Standard,Low,4.19
North,Air,84.2,252.0,Standard,Medium,2.75
South,Road,134.8,223.8,Express,Medium,2.95
Central,Road,85.1,223.6,Express,High,3.07
South,Road,120.9,306.4,Standard,Medium,3.73
South,Road,100.3,493.0,Standard,Low,4.65
South,Road,40.3,688.9,Standard,Low,4.94
South,Road,176.3,184.7,Standard,High,4.24
East,Road,76.0,259.9,Standard,Medium,4.88
North,Rail,184.5,220.7,Standard,Medium,5.9
West,Road,162.1,295.5,Standard,Low,2.56
South,Road,112.8,205.6,Standard,Medium,3.87
Central,Air,128.9,628.0,Express,Low,4.65
South,Air,136.2,156.8,Standard,Medium,2.39
Central,Air,92.5,184.9,Express,High,2.05
East,Air,94.6,169.2,Standard,High,3.28
Central,Road,133.1,214.7,Standard,Medium,3.66
West,Road,100.8,105.1,Standard,Medium,3.36
North,Rail,84.3,171.1,Standard,High,4.08
Central,Road,69.4,293.9,Standard,Medium,3.44
Central,Road,122.6,292.8,Standard,Low,1.65
North,Rail,74.8,268.1,Express,Medium,3.63
West,Road,149.5,470.1,Standard,Low,3.47
South,Road,155.3,300.3,Standard,Medium,4.29
Central,Road,128.5,462.0,Express,Medium,2.58
North,Road,140.9,689.2,Standard,Medium,5.41
East,Road,128.7,371.8,Standard,Medium,5.31
North,Road,145.6,105.4,Standard,Low,2.38
East,Rail,142.7,273.9,Express,Medium,3.08
West,Road,119.5,252.3,Express,High,3.82
South,Road,163.0,515.4,Express,Medium,3.91
North,Air,94.1,219.1,Standard,Low,1.81
Central,Air,70.4,144.5,Express,High,1.26
West,Rail,68.7,176.8,Standard,High,5.85
North,Rail,87.7,107.8,Standard,Low,2.33
Central,Road,37.6,33.9,Standard,Low,3.61
North,Road,112.3,629.6,Standard,Medium,5.14
East,Road,137.0,235.8,Express,High,4.36
North,Road,154.3,114.0,Express,High,3.12
North,Road,44.2,540.4,Standard,High,5.2
North,Road,69.8,589.6,Standard,Medium,4.58
West,Rail,147.4,257.1,Standard,Medium,4.75
North,Road,92.7,102.0,Express,Low,1.02
Central,Road,135.6,179.3,Standard,Low,2.94
East,Road,54.2,206.0,Standard,Medium,2.32
East,Road,183.4,240.2,Standard,Medium,4.49
North,Road,52.2,122.6,Standard,Medium,3.64
West,Rail,19.8,388.3,Standard,Medium,3.66
West,Road,110.8,59.5,Express,Low,1.96
Central,Road,112.1,422.3,Standard,Medium,4.17
North,Road,80.1,470.5,Standard,Low,5.17
East,Rail,126.4,189.5,Standard,Medium,4.06
West,Road,128.1,225.1,Standard,Medium,5.29
North,Road,121.8,502.2,Express,Medium,2.64
West,Road,79.4,332.5,Standard,High,4.34
West,Road,72.3,193.4,Standard,Low,1.54
East,Rail,83.4,206.6,Standard,Medium,5.74
South,Rail,67.7,307.4,Standard,Low,3.84
Central,Road,166.5,599.2,Standard,Medium,4.94
Central,Rail,86.8,210.3,Standard,High,4.95
East,Rail,109.3,190.0,Standard,Medium,4.55
West,Rail,147.1,239.3,Standard,High,4.7
North,Rail,66.1,240.1,Standard,Low,3.0
West,Road,51.2,278.4,Standard,High,4.34
East,Road,67.8,225.5,Standard,Low,3.61
Central,Road,114.8,435.9,Standard,High,5.45
West,Rail,111.2,138.1,Express,Low,3.79
Central,Road,121.7,295.3,Express,Low,1.02
North,Air,96.8,301.7,Standard,Medium,2.74
Central,Rail,27.5,145.4,Standard,High,4.97
Central,Road,95.4,293.7,Standard,Low,2.96
South,Rail,156.1,306.0,Standard,Medium,3.28
South,Road,174.5,45.3,Express,High,2.33
South,Road,106.0,130.4,Standard,Medium,3.41
Central,Rail,111.4,524.8,Standard,Low,4.95
East,Road,134.4,166.0,Express,Medium,3.58
Central,Rail,172.2,113.8,Express,Medium,2.54
East,Rail,101.7,72.4,Standard,High,5.01
East,Road,133.6,123.4,Standard,Medium,3.04
South,Road,77.8,220.1,Standard,Medium,3.65
West,Road,54.8,109.0,Standard,High,3.57
North,Road,81.6,334.9,Express,Medium,2.83
South,Air,190.3,143.8,Express,Low,2.15
South,Road,134.8,279.5,Express,Low,1.61
West,Road,57.2,484.6,Standard,Medium,4.22
North,Road,137.7,468.4,Express,Low,3.06
Central,Road,59.3,276.9,Standard,High,5.34
Central,Rail,120.9,118.6,Standard,Medium,3.99
South,Road,64.9,228.7,Standard,Low,2.55
North,Rail,55.7,281.9,Standard,Medium,4.28
South,Road,204.9,758.4,Express,Medium,6.65
East,Air,86.8,71.9,Standard,High,2.27
South,Road,133.7,229.1,Standard,High,3.35
South,Road,103.6,328.4,Standard,Medium,4.2
Central,Air,61.6,249.8,Standard,Medium,2.25
Central,Road,91.2,265.2,Standard,Medium,3.84
Central,Air,61.8,149.0,Standard,Medium,2.06
East,Road,272.5,384.6,Express,Low,5.16
Central,Road,144.6,240.2,Standard,Low,1.87
North,Road,102.7,264.7,Standard,Medium,3.06
West,Rail,130.4,406.7,Standard,Low,4.86
North,Road,140.4,196.8,Express,Low,1.77
North,Road,140.5,454.7,Standard,Medium,3.82
Central,Road,137.8,106.7,Standard,Low,3.62
West,Road,133.0,273.1,Standard,Medium,2.63
West,Road,106.6,143.6,Standard,Medium,2.83
West,Rail,197.6,122.2,Standard,High,4.73
East,Air,109.8,595.4,Standard,Medium,5.2
Central,Air,104.1,110.1,Standard,Low,0.4
West,Rail,110.2,242.8,Standard,Medium,4.45
East,Road,113.8,105.0,Standard,High,3.74
South,Rail,44.4,439.7,Standard,High,6.19
South,Road,67.5,185.6,Standard,Medium,2.71
East,Road,96.8,405.6,Standard,Low,5.23
East,Road,43.4,322.4,Standard,High,4.4
Central,Road,102.7,698.0,Standard,Low,3.15
Central,Rail,113.2,92.6,Standard,Medium,2.95
South,Road,53.6,129.8,Express,Medium,2.15
West,Road,75.2,393.8,Express,Low,3.5
South,Road,177.7,280.3,Standard,Low,2.74
West,Air,131.0,205.0,Standard,Low,0.89
West,Road,127.6,628.8,Standard,Medium,5.77
Central,Road,167.8,233.4,Express,High,2.74
North,Road,68.1,146.8,Standard,Low,2.62
North,Rail,53.7,408.2,Standard,High,5.68
East,Road,157.5,237.8,Express,Low,3.16
Central,Road,98.1,248.2,Standard,Medium,2.87
West,Road,67.2,337.3,Express,Low,1.93
North,Road,242.5,344.4,Standard,High,5.66
West,Road,44.2,128.7,Standard,Medium,2.2
North,Road,110.8,198.3,Express,Medium,2.01
North,Air,92.9,99.5,Standard,High,3.52
North,Road,85.6,282.6,Standard,Medium,4.18
Central,Road,31.3,589.7,Standard,High,6.51
South,Air,196.4,131.9,Express,Medium,2.11
West,Road,49.0,88.6,Standard,High,2.61
Central,Road,89.5,160.9,Standard,Medium,3.03
Central,Road,82.6,204.0,Standard,Low,1.97
Central,Road,132.8,346.1,Standard,Medium,2.81
Central,Air,44.5,192.0,Standard,Low,0.96
Central,Road,125.6,285.4,Standard,Medium,4.25
East,Air,111.1,174.8,Standard,Medium,2.78
West,Road,73.5,210.4,Express,Medium,1.62
Central,Road,123.6,144.0,Standard,Low,2.2
West,Road,102.6,118.4,Standard,Low,2.34
East,Road,218.0,352.8,Express,Medium,3.1
East,Road,92.8,181.8,Standard,High,5.03
West,Rail,63.1,296.9,Express,Medium,3.4
North,Road,126.2,142.6,Standard,Medium,2.51
South,Air,87.5,234.3,Standard,Medium,1.43
North,Road,101.6,60.4,Standard,Medium,3.71
North,Rail,53.9,189.7,Standard,Low,3.32
North,Rail,133.8,151.7,Standard,Medium,4.95
Central,Rail,81.0,430.2,Standard,Low,5.28
East,Rail,115.0,107.6,Express,High,5.0
North,Rail,243.4,215.3,Standard,Low,3.96
East,Road,90.3,280.7,Standard,Medium,2.55
West,Road,142.1,398.1,Standard,Low,3.94
South,Road,93.3,368.8,Express,Low,4.31
West,Air,74.0,225.0,Standard,Medium,2.06
West,Road,180.6,243.0,Standard,Low,1.92
Central,Rail,38.2,430.0,Standard,Low,3.68
South,Road,158.9,222.6,Standard,Medium,3.64
West,Road,36.0,257.5,Standard,Low,2.08
West,Road,151.4,437.6,Express,Low,1.56
South,Road,102.4,750.5,Standard,High,6.5
South,Road,63.2,269.8,Express,Medium,2.42
West,Road,83.5,310.9,Standard,High,5.63
South,Road,138.6,362.9,Standard,High,5.14
West,Road,232.6,435.3,Express,Medium,4.29
West,Road,45.3,403.4,Standard,Low,3.35
Central,Road,65.0,167.0,Express,Medium,2.27
North,Rail,51.6,279.8,Standard,High,4.16
West,Road,92.9,404.9,Express,Medium,2.72
East,Road,153.2,484.9,Standard,Medium,5.94
North,Road,48.3,215.5,Standard,Low,3.1
North,Road,101.1,276.1,Standard,High,4.43
North,Road,151.0,293.7,Standard,Medium,4.44
Central,Road,83.0,238.5,Standard,High,4.4
West,Road,25.0,272.2,Standard,Low,4.11
Central,Road,111.5,58.4,Standard,Low,2.22
West,Road,174.5,999.4,Standard,Low,5.65
Central,Rail,59.4,210.5,Express,Medium,3.0
Central,Rail,40.2,219.7,Standard,Low,3.64
East,Road,117.8,82.9,Standard,Low,3.59
Central,Road,119.3,74.7,Standard,High,2.46
South,Road,80.3,305.1,Standard,Low,3.5
East,Road,73.0,405.8,Standard,High,4.85
Central,Air,103.3,366.2,Standard,Medium,2.3
North,Road,58.8,142.4,Express,High,3.84
South,Road,58.9,354.6,Express,Medium,3.76
South,Road,138.2,217.8,Standard,High,4.03
South,Rail,56.9,188.5,Standard,High,4.67
East,Road,41.4,101.2,Standard,Low,2.41
Central,Road,72.9,152.9,Standard,Low,4.26
Central,Road,81.2,308.9,Standard,Low,3.24
North,Road,125.6,278.2,Standard,Medium,3.43
North,Road,75.9,256.1,Standard,High,5.38
South,Road,188.0,56.6,Standard,Medium,4.04
North,Road,105.8,257.5,Standard,Medium,4.99
East,Road,68.2,165.6,Express,Low,3.77
Central,Road,123.2,279.3,Standard,High,4.83
South,Road,186.5,442.4,Express,High,4.64
North,Road,136.5,180.0,Express,Low,2.27
East,Road,46.9,247.1,Standard,Medium,3.7
East,Rail,84.5,626.8,Standard,Low,5.53
North,Road,114.2,271.7,Standard,Medium,4.72
Central,Road,133.9,230.4,Express,Medium,2.71
North,Road,93.2,143.8,Express,Low,2.74
South,Road,87.2,360.0,Standard,Medium,4.53
North,Rail,217.3,129.6,Standard,Low,3.15
East,Road,137.4,453.0,Express,Medium,3.23
North,Air,123.4,332.5,Standard,Medium,2.19
Central,Road,77.5,168.9,Express,Low,1.48
West,Road,58.4,146.6,Express,Medium,2.29
North,Rail,124.4,148.7,Standard,Medium,3.71
Central,Rail,144.2,75.5,Standard,Medium,3.95
Central,Rail,101.4,301.1,Standard,Low,3.45
East,Rail,137.6,60.8,Standard,Medium,4.28
Central,Road,139.2,222.3,Standard,High,4.27
Central,Rail,148.6,214.3,Express,Low,4.02
Central,Road,46.5,193.4,Express,Low,1.13
Central,Air,85.6,299.9,Express,Low,2.57
South,Road,127.8,169.2,Standard,Medium,3.04
South,Rail,104.1,257.9,Express,Low,2.35
East,Road,139.4,452.9,Standard,Medium,4.91
North,Road,123.3,319.4,Standard,Medium,6.25
Central,Road,32.4,183.9,Standard,Medium,3.46
North,Rail,164.9,234.4,Standard,Medium,5.02
North,Road,80.6,193.6,Express,Medium,3.29
East,Road,66.3,212.6,Standard,Medium,3.31
Central,Road,162.3,262.3,Standard,Low,3.35
Central,Road,134.5,98.5,Standard,Low,2.36
West,Rail,172.8,85.1,Standard,High,5.71
North,Road,114.8,136.7,Standard,Low,2.78
North,Air,85.1,307.7,Standard,Medium,2.52
South,Road,108.7,330.8,Standard,High,4.08
West,Road,60.7,357.8,Standard,Low,3.38
South,Rail,51.0,139.9,Express,Medium,3.24
South,Road,74.7,246.3,Standard,Medium,2.79
South,Road,196.4,187.1,Standard,High,4.83
East,Road,78.3,217.6,Standard,High,4.82
East,Rail,41.8,185.2,Standard,Medium,4.97
South,Road,94.4,270.5,Standard,Low,4.03
West,Air,77.8,157.2,Standard,Medium,1.88
North,Air,166.2,425.9,Express,Medium,2.16
West,Road,190.0,428.0,Standard,Medium,3.98
Central,Road,83.3,302.5,Express,Low,3.48
East,Road,114.7,399.3,Express,Low,3.65
North,Road,119.1,96.2,Standard,Medium,4.33
North,Road,99.4,439.3,Standard,Medium,4.89
Central,Road,91.1,286.9,Standard,Low,3.49
Central,Road,64.2,162.7,Express,Medium,2.8
South,Rail,38.6,153.4,Express,High,3.07
East,Rail,64.0,520.1,Standard,Medium,5.98
East,Rail,97.7,360.9,Express,Low,3.23
West,Road,48.3,214.3,Standard,Low,2.47
South,Road,112.0,95.5,Express,Low,2.29
South,Road,105.0,451.4,Express,High,3.96
South,Air,77.9,118.9,Standard,Medium,2.22
South,Road,89.3,189.1,Standard,Medium,2.41
East,Rail,52.5,214.2,Standard,Medium,5.21
East,Road,147.4,152.0,Standard,Medium,3.39
South,Road,146.3,208.8,Express,High,3.09
West,Rail,57.0,232.4,Standard,Medium,3.03
North,Road,57.7,206.4,Standard,Low,2.58
North,Rail,64.4,277.9,Standard,Low,2.73
West,Air,130.7,530.5,Express,Medium,2.49
South,Road,119.0,98.4,Standard,High,4.62
East,Road,161.5,254.6,Standard,Low,3.68
North,Road,169.8,119.7,Standard,High,3.5
Central,Air,46.2,92.7,Express,Medium,0.79
Central,Road,128.6,383.1,Express,Low,2.91
West,Road,166.7,266.7,Standard,Low,4.54
South,Road,86.6,89.2,Standard,Low,2.97
North,Rail,100.5,208.7,Standard,Medium,4.5
South,Road,93.6,136.9,Standard,Low,3.27
North,Rail,95.5,212.8,Standard,Medium,4.22
West,Air,147.2,337.3,Express,Medium,2.05
West,Road,213.5,318.8,Standard,Medium,5.22
Central,Road,185.0,186.0,Express,Low,1.13
South,Air,79.6,392.8,Standard,Medium,3.63
Central,Road,114.9,472.1,Standard,Medium,4.28
South,Rail,69.0,340.3,Standard,Medium,4.46
Central,Road,72.4,168.6,Standard,High,3.38
East,Road,98.5,216.8,Standard,Low,3.53
East,Rail,71.5,521.5,Standard,High,6.58
East,Road,76.6,194.0,Standard,Medium,3.49
East,Road,113.6,319.4,Standard,Medium,3.95
North,Road,127.7,150.8,Standard,Medium,2.22
East,Road,126.2,394.3,Express,Medium,3.59
West,Road,126.7,140.9,Standard,Low,2.28
West,Road,54.3,222.1,Express,Medium,2.6
North,Air,69.8,313.3,Standard,Medium,4.01
East,Road,103.5,579.1,Express,Medium,4.36
East,Road,163.2,264.0,Standard,Low,3.18
East,Road,267.8,200.8,Express,High,4.06
Central,Rail,117.0,192.3,Standard,Medium,3.99
South,Road,140.7,385.0,Standard,Low,4.26
Central,Air,51.4,299.6,Standard,Medium,2.69
South,Road,139.0,333.6,Standard,Medium,4.69
East,Road,234.0,501.7,Standard,Medium,6.2
East,Road,69.6,241.3,Standard,Medium,3.76
Central,Road,77.8,288.2,Standard,High,5.59
Central,Road,149.3,190.9,Express,Low,1.86
South,Road,102.9,147.5,Standard,Medium,3.33
West,Rail,37.1,164.5,Standard,High,5.25
South,Road,80.0,48.6,Standard,High,3.94
Central,Road,189.6,311.6,Standard,Medium,2.47
Central,Road,89.0,294.3,Standard,High,4.33
North,Rail,88.9,308.0,Standard,Low,4.74
Central,Road,144.9,141.9,Express,High,2.3
North,Road,118.9,166.1,Express,Low,2.78
West,Road,86.7,163.0,Express,Low,2.12
South,Rail,75.4,415.0,Standard,Low,5.25
South,Road,327.7,258.6,Express,Medium,3.32
North,Road,175.1,239.8,Standard,Low,4.13
South,Rail,126.7,350.4,Standard,Low,4.49
Central,Rail,130.4,163.3,Standard,Low,4.46
East,Road,95.8,284.4,Standard,Low,5.52
North,Rail,118.3,619.8,Standard,Medium,7.08
South,Road,91.1,450.3,Standard,Medium,4.79
North,Road,66.7,282.0,Standard,Low,4.81
North,Road,120.4,244.9,Standard,Medium,4.21
East,Road,87.5,306.5,Standard,High,4.48
Central,Road,123.3,483.8,Standard,Medium,4.4
North,Air,133.9,465.4,Standard,Low,3.58
South,Road,126.3,527.5,Standard,Medium,5.46
West,Road,64.1,266.7,Express,Low,1.49
North,Road,83.1,60.6,Standard,Low,1.72
North,Air,88.3,596.2,Standard,Low,3.26
East,Road,156.8,147.3,Standard,High,4.98
Central,Road,153.0,347.3,Standard,Low,3.89
West,Road,71.7,61.3,Express,Low,1.49
South,Road,53.7,237.1,Standard,Low,2.42
West,Air,273.8,194.2,Standard,High,4.55
South,Air,124.0,528.1,Express,Medium,2.32
Central,Road,50.3,284.0,Standard,Low,3.7
South,Air,77.2,235.7,Standard,Medium,2.82
East,Road,159.8,301.2,Standard,Medium,5.32
East,Rail,242.4,39.2,Standard,Medium,4.08
