shipment_id,region,transport_mode,shipment_volume_units,distance_km,delivery_time_days,transport_cost,late_delivery
1,Central,Road,158.6,419.0,3.57,413.15,0
2,South,Road,131.1,151.7,2.95,247.31,0
3,West,Air,111.0,264.4,4.09,583.02,1
4,West,Road,178.6,202.7,2.19,291.97,0
5,Central,Rail,173.7,382.3,4.55,472.46,0
6,South,Rail,249.2,134.7,3.54,425.42,0
7,North,Road,80.8,49.6,1.89,128.94,0
8,South,Road,51.7,742.7,5.86,594.41,1
9,East,Road,38.3,397.3,3.89,329.98,1
10,East,Rail,79.9,131.7,3.55,205.59,0
11,North,Air,150.2,209.9,1.52,695.8,0
12,Central,Air,54.1,296.8,1.17,579.87,0
13,North,Road,97.5,259.9,3.21,334.7,0
14,Central,Road,54.2,624.5,3.98,491.53,0
15,North,Road,143.9,249.0,2.65,384.87,0
16,West,Road,70.4,82.7,2.73,211.61,0
17,East,Road,161.7,347.7,2.6,430.82,0
18,West,Road,149.8,147.3,2.16,292.41,0
19,Central,Road,144.2,143.4,3.34,246.6,0
20,Central,Air,109.0,150.0,1.43,553.39,0
21,North,Air,151.7,383.5,3.1,802.9,0
22,North,Air,65.8,376.8,1.53,663.26,0
23,North,Air,123.4,142.6,2.09,547.18,0
24,West,Air,243.2,151.7,1.46,634.61,0
25,North,Road,245.5,320.4,4.87,471.67,1
26,East,Air,109.6,263.6,2.57,548.84,0
27,North,Road,61.5,152.6,2.8,194.39,0
28,South,Road,192.2,62.9,3.82,275.9,1
29,Central,Road,79.4,56.6,2.41,162.33,0
30,South,Air,199.1,257.6,1.76,731.79,0
31,West,Road,115.0,236.2,4.2,373.77,1
32,West,Road,113.6,206.6,3.12,394.96,0
33,North,Road,202.3,56.6,3.58,319.76,1
34,West,Air,99.2,362.1,2.41,645.18,0
35,North,Rail,111.1,232.2,4.46,303.85,1
36,South,Road,89.3,221.8,2.12,198.57,0
37,North,Road,47.6,289.8,1.9,408.94,0
38,North,Road,144.4,282.1,2.13,355.69,0
39,Central,Road,113.2,165.3,3.3,250.45,0
40,Central,Road,153.5,483.5,2.5,658.74,0
41,Central,Road,104.2,394.6,2.11,374.68,0
42,East,Road,66.7,206.6,1.54,227.06,0
43,South,Air,71.1,323.7,2.22,602.1,0
44,West,Rail,45.4,163.4,3.37,152.75,0
45,North,Road,79.0,252.2,2.24,314.76,0
46,Central,Road,124.9,495.1,4.64,547.56,1
47,North,Road,117.1,147.4,2.9,303.04,0
48,Central,Road,83.7,314.6,4.12,354.07,1
49,West,Road,86.8,207.2,3.51,324.21,0
50,South,Road,79.5,464.9,3.17,449.56,0
51,West,Road,83.4,386.5,3.59,450.61,0
52,West,Road,148.4,205.4,2.85,407.13,0
53,West,Rail,46.7,396.0,4.3,259.99,1
54,South,Road,124.2,170.5,2.92,275.64,0
55,West,Road,82.4,276.6,3.03,341.75,0
56,West,Rail,67.3,69.9,3.32,24.51,0
57,Central,Road,95.7,250.5,3.01,140.95,0
58,West,Road,94.9,264.2,3.6,351.64,0
59,South,Road,113.3,106.6,2.5,192.78,0
60,West,Road,70.2,204.7,2.56,312.9,0
61,South,Air,146.4,173.5,2.5,560.68,0
62,South,Rail,95.6,117.9,3.81,198.04,1
63,South,Rail,142.7,54.7,3.98,172.99,1
64,East,Road,32.7,139.2,2.8,189.37,0
65,West,Road,149.1,115.2,2.48,215.86,0
66,East,Road,101.6,324.1,3.42,353.28,0
67,East,Road,71.0,257.1,3.02,353.09,0
68,West,Road,106.9,279.2,1.71,339.83,0
69,West,Road,72.7,165.1,1.65,268.79,0
70,East,Road,92.0,223.9,4.06,299.54,1
71,North,Rail,103.3,435.2,4.26,423.54,1
72,Central,Road,203.0,62.9,0.5,221.58,0
73,West,Road,137.1,308.2,3.25,454.16,0
74,South,Road,70.2,236.2,2.94,240.18,0
75,South,Road,102.0,160.3,1.66,283.7,0
76,Central,Road,198.0,260.3,5.21,329.93,1
77,West,Road,139.4,336.6,4.36,443.47,1
78,Central,Road,230.2,237.3,4.08,457.47,1
79,Central,Air,194.4,184.7,1.84,574.75,0
80,Central,Rail,80.1,236.3,3.83,177.1,1
81,West,Road,36.9,459.8,4.21,418.08,1
82,West,Road,119.3,215.4,3.3,324.41,0
83,North,Air,242.8,102.6,1.32,563.65,0
84,Central,Road,138.5,195.2,3.06,279.98,0
85,West,Road,111.7,128.3,2.66,300.31,0
86,North,Road,159.9,102.8,2.87,263.66,0
87,East,Road,133.9,272.0,2.36,349.01,0
88,East,Road,100.8,453.0,3.97,530.15,0
89,West,Rail,74.3,277.2,3.58,297.93,0
90,East,Road,71.1,243.5,3.02,254.37,0
91,West,Rail,76.9,120.6,3.14,235.9,0
92,Central,Road,64.0,155.6,1.32,202.18,0
93,Central,Road,87.1,367.1,4.05,458.17,1
94,North,Air,118.0,170.7,2.23,493.45,0
95,Central,Road,67.8,171.4,1.47,258.12,0
96,West,Road,125.1,257.7,3.01,428.81,0
97,South,Road,116.5,281.5,2.47,392.51,0
98,East,Road,54.9,147.0,2.03,238.84,0
99,Central,Air,70.4,224.9,2.45,558.13,0
100,Central,Road,41.0,68.8,2.46,189.02,0
101,South,Road,127.5,392.2,5.19,463.19,1
102,South,Air,69.8,148.5,1.42,500.29,0
103,East,Road,138.9,351.0,2.6,424.08,0
104,North,Rail,175.9,281.4,4.06,508.58,1
105,Central,Road,60.2,88.7,0.5,118.03,0
106,East,Road,85.2,167.0,3.99,300.42,0
107,Central,Road,78.0,197.3,2.87,209.42,0
108,North,Road,144.5,340.1,3.82,466.6,0
109,East,Road,142.7,290.1,3.38,473.58,0
110,West,Road,47.2,147.0,1.66,137.26,0
111,East,Road,115.9,97.4,2.32,331.12,0
112,Central,Air,93.8,358.0,1.6,595.4,0
113,South,Air,145.7,551.8,2.76,795.76,0
114,East,Road,54.4,198.1,2.82,266.13,0
115,South,Air,87.4,178.7,0.54,446.93,0
116,South,Rail,143.7,193.6,4.78,357.11,1
117,Central,Road,224.6,153.8,2.18,396.12,0
118,South,Road,70.9,512.2,4.48,336.05,0
119,North,Road,73.8,165.7,1.98,155.6,0
120,Central,Road,123.3,136.5,1.57,219.95,0
121,South,Road,110.7,386.9,3.78,463.86,1
122,Central,Air,95.5,97.5,1.33,394.9,0
123,West,Air,70.5,184.3,1.25,458.12,0
124,Central,Road,211.5,149.4,2.89,388.37,0
125,South,Road,161.5,276.5,2.74,343.04,0
126,West,Road,76.4,138.2,2.71,239.16,0
127,North,Air,103.3,168.3,1.1,437.37,0
128,South,Road,162.9,81.1,2.49,315.89,0
129,West,Road,164.2,300.5,4.21,506.49,1
130,Central,Road,125.2,267.8,1.99,294.56,0
131,North,Road,96.1,245.3,2.39,179.38,0
132,West,Road,217.8,203.5,2.61,297.93,0
133,South,Road,78.2,221.0,2.04,341.93,0
134,Central,Road,105.6,335.5,2.15,361.63,0
135,Central,Road,80.6,261.4,2.62,379.49,0
136,Central,Rail,142.9,336.0,4.08,325.04,1
137,East,Road,77.2,217.4,2.56,225.44,0
138,South,Rail,144.1,147.3,1.97,256.67,0
139,West,Rail,168.4,425.4,4.94,557.4,1
140,West,Road,138.8,139.6,3.15,265.15,0
141,East,Rail,57.1,77.9,2.69,72.3,0
142,Central,Road,84.3,93.7,1.4,212.24,0
143,North,Road,69.4,204.8,1.88,269.47,0
144,West,Air,98.9,385.9,3.82,706.47,0
145,North,Air,55.0,301.5,3.15,563.44,0
146,South,Road,63.3,358.8,3.51,337.54,0
147,North,Rail,104.0,460.3,3.55,463.39,0
148,Central,Road,162.9,205.3,3.93,202.19,1
149,West,Road,162.5,144.1,2.83,318.52,0
150,South,Road,86.4,335.6,4.46,450.62,1
151,East,Road,84.2,585.7,3.63,596.12,0
152,North,Road,186.7,530.2,4.63,557.64,1
153,East,Air,200.5,157.9,1.62,506.36,0
154,North,Road,92.4,183.1,3.16,346.75,0
155,East,Road,82.5,715.1,4.07,628.72,0
156,South,Road,73.4,689.4,5.17,618.97,1
157,South,Road,103.5,203.8,2.38,307.58,1
158,West,Road,131.0,283.3,2.39,343.62,0
159,South,Road,80.2,199.9,3.03,272.78,0
160,North,Road,150.9,62.5,2.51,319.81,0
161,North,Road,64.7,187.4,0.79,217.65,0
162,South,Road,142.6,261.2,3.02,486.12,0
163,South,Road,197.3,109.8,2.76,330.97,0
164,South,Road,123.7,270.8,3.17,381.61,0
165,West,Road,71.0,91.9,3.76,237.22,0
166,East,Road,96.3,458.6,3.12,533.58,0
167,North,Road,84.6,144.7,2.37,295.53,0
168,East,Road,132.5,276.0,1.72,407.65,0
169,East,Road,179.3,139.2,1.57,279.75,0
170,Central,Road,150.6,79.2,1.93,339.9,0
171,East,Rail,123.1,86.5,2.8,190.2,0
172,West,Road,83.1,148.3,2.23,185.06,0
173,Central,Air,85.0,180.0,1.93,563.12,0
174,North,Road,109.6,225.6,3.37,354.91,0
175,South,Road,214.0,274.8,4.18,445.46,1
176,Central,Rail,209.1,314.0,3.98,451.61,0
177,South,Rail,267.7,356.4,4.89,566.43,1
178,Central,Rail,135.7,383.9,3.53,547.73,1
179,West,Road,144.0,32.6,2.47,198.22,0
180,East,Rail,69.4,203.8,3.53,164.29,0
181,Central,Rail,81.5,424.8,3.65,381.92,0
182,South,Road,51.6,163.1,0.5,247.6,0
183,North,Road,79.1,176.1,1.96,239.94,0
184,East,Road,104.7,330.2,5.22,351.11,1
185,Central,Road,98.0,143.6,2.35,287.64,0
186,North,Rail,53.7,203.6,2.58,268.28,0
187,North,Road,49.7,329.1,3.04,327.97,1
188,Central,Rail,134.2,306.6,4.68,391.1,1
189,South,Road,62.0,745.4,4.87,625.67,1
190,North,Road,143.4,152.3,2.47,255.73,0
191,East,Road,103.6,140.0,1.41,226.54,0
192,North,Road,80.7,180.4,2.27,175.75,0
193,West,Rail,90.6,199.2,2.26,274.34,0
194,North,Air,139.9,444.2,2.93,752.71,0
195,South,Road,83.6,205.4,3.81,247.5,1
196,West,Road,129.4,194.2,3.58,316.4,0
197,East,Road,170.1,297.1,2.82,431.82,0
198,North,Road,27.5,260.9,1.82,224.2,0
199,North,Rail,196.0,162.0,2.36,285.59,0
200,Central,Road,82.9,158.4,2.78,194.02,0
201,Central,Road,169.6,260.0,3.6,475.09,0
202,West,Road,103.1,429.1,4.17,362.52,1
203,South,Rail,44.3,155.8,3.14,174.0,0
204,East,Road,62.4,138.9,1.3,256.77,0
205,Central,Road,53.9,496.0,2.08,403.17,0
206,North,Road,62.1,98.6,3.0,119.61,0
207,Central,Road,86.6,713.5,3.9,601.42,0
208,East,Road,47.5,248.0,4.14,167.99,0
209,East,Rail,155.0,140.1,1.54,334.94,0
210,North,Road,108.3,113.4,1.46,212.93,0
211,West,Road,183.5,84.7,1.77,207.22,0
212,South,Road,209.2,212.4,3.32,353.38,0
213,North,Rail,191.8,276.9,4.42,408.5,1
214,West,Air,198.5,336.6,2.01,704.15,0
215,South,Road,197.0,391.6,4.23,460.15,1
216,East,Rail,29.0,85.9,1.49,137.45,0
217,North,Road,91.5,123.7,1.91,164.31,0
218,South,Road,104.2,248.9,1.88,298.54,0
219,West,Road,95.2,610.8,3.76,595.33,0
220,West,Air,160.6,283.0,1.58,604.94,0
221,Central,Road,130.8,201.5,3.01,314.54,0
222,West,Road,107.1,207.0,5.44,254.59,1
223,South,Road,58.6,145.2,1.17,360.58,0
224,Central,Road,94.9,308.9,2.88,333.64,0
225,West,Rail,141.3,195.8,3.93,330.44,1
226,Central,Road,151.8,391.8,3.63,420.23,0
227,North,Road,53.0,206.4,3.61,176.55,0
228,South,Road,64.8,97.1,1.29,164.07,0
229,East,Road,118.0,77.0,2.85,183.61,0
230,East,Road,113.9,190.8,2.03,265.51,0
231,North,Road,119.5,184.3,3.31,283.76,1
232,Central,Rail,79.6,124.2,3.0,232.07,0
233,West,Rail,114.2,198.8,3.48,380.04,0
234,South,Road,168.7,269.2,2.7,513.03,0
235,North,Road,172.9,149.4,1.25,310.76,0
236,Central,Road,74.5,115.7,1.33,301.77,0
237,South,Road,88.9,107.6,2.8,300.92,0
238,North,Road,176.4,267.1,2.98,360.91,0
239,East,Rail,97.3,241.6,3.97,253.8,1
240,Central,Road,185.1,132.8,1.65,298.79,0
241,Central,Road,160.2,342.4,3.93,555.66,1
242,Central,Air,94.2,253.4,2.53,554.53,0
243,Central,Rail,109.1,91.6,1.09,165.52,0
244,West,Road,114.9,375.0,3.62,504.72,1
245,South,Road,96.7,91.5,3.76,182.63,1
246,East,Rail,91.6,151.3,2.41,199.35,0
247,North,Road,111.2,387.4,4.2,463.5,0
248,East,Road,50.4,123.3,2.19,185.42,0
249,South,Road,45.8,302.3,3.51,161.65,0
250,East,Rail,72.6,665.4,4.62,502.23,1
251,North,Road,41.0,222.9,1.88,282.78,0
252,East,Air,90.0,404.1,1.95,585.71,0
253,Central,Road,72.8,100.2,1.86,250.0,0
254,East,Road,118.4,213.2,2.29,298.8,0
255,Central,Rail,71.0,240.5,2.58,270.77,0
256,North,Road,136.4,139.4,3.43,280.43,0
257,West,Road,47.8,30.1,1.32,-4.52,0
258,West,Road,76.1,198.0,1.58,211.09,0
259,North,Road,55.3,360.9,2.34,294.43,0
260,Central,Rail,219.5,665.7,5.88,722.37,1
261,North,Road,45.8,306.0,1.06,397.71,0
262,South,Road,103.1,338.6,3.59,369.8,0
263,Central,Road,124.2,315.9,3.75,389.34,0
264,East,Road,30.9,198.0,3.39,96.89,0
265,South,Road,171.5,191.0,2.53,311.89,0
266,South,Road,143.1,349.3,2.73,412.87,0
267,West,Road,55.1,516.1,3.83,462.05,0
268,Central,Rail,74.0,287.6,3.59,329.37,0
269,North,Rail,136.3,306.7,4.84,447.54,1
270,West,Road,60.9,98.6,2.15,164.48,0
271,Central,Road,111.1,71.1,1.85,213.33,0
272,North,Road,77.9,706.6,3.44,544.11,0
273,Central,Road,93.2,261.6,2.69,352.82,0
274,South,Road,58.8,195.3,2.53,238.21,0
275,East,Road,96.2,255.3,3.79,210.98,0
276,West,Rail,109.6,170.5,3.26,258.41,0
277,West,Road,105.8,340.0,4.29,347.98,0
278,Central,Road,124.9,121.6,3.43,300.56,0
279,North,Road,162.2,401.8,3.05,511.49,0
280,West,Road,75.1,442.5,2.57,441.29,0
281,West,Road,98.9,217.7,2.21,391.24,0
282,East,Road,163.7,269.9,2.98,377.27,0
283,West,Air,71.0,330.3,1.29,580.38,0
284,South,Rail,62.8,332.0,4.17,319.76,0
285,South,Road,102.4,361.1,3.82,407.28,1
286,North,Road,87.6,454.2,4.55,406.29,1
287,Central,Rail,51.0,313.5,3.72,327.47,0
288,East,Road,123.5,232.7,2.52,348.39,0
289,East,Road,109.5,290.8,3.36,323.31,1
290,West,Road,148.3,152.7,1.93,193.3,0
291,West,Road,81.4,57.6,2.15,226.37,0
292,South,Rail,105.8,315.9,3.11,423.88,0
293,East,Rail,222.7,241.5,4.81,449.15,1
294,North,Air,193.1,396.9,0.54,819.71,0
295,North,Road,158.4,238.7,3.7,468.46,0
296,North,Air,167.8,141.7,2.3,567.92,0
297,Central,Road,111.4,487.6,3.77,604.41,1
298,South,Road,72.1,270.0,3.09,300.68,0
299,East,Road,196.1,59.8,2.65,212.26,0
300,West,Rail,82.0,269.8,4.49,295.12,0
301,Central,Road,222.8,197.6,4.44,373.48,1
302,North,Road,99.5,253.1,2.86,352.24,0
303,East,Road,128.3,399.8,4.84,567.19,1
304,South,Rail,152.1,308.1,3.36,412.15,0
305,West,Road,91.6,82.7,2.5,251.24,0
306,South,Road,145.0,357.3,3.78,569.92,0
307,North,Road,214.2,310.0,2.51,577.22,0
308,South,Road,68.0,194.0,2.77,257.19,0
309,West,Road,127.3,888.8,4.87,786.31,1
310,West,Road,79.2,196.8,3.2,390.94,0
311,West,Road,145.0,491.7,3.24,480.63,0
312,East,Air,133.5,498.1,1.41,680.76,0
313,Central,Road,84.0,285.5,1.88,216.3,0
314,East,Road,104.3,137.8,2.45,312.76,0
315,North,Rail,165.7,117.2,3.44,169.91,0
316,East,Road,117.1,391.7,3.73,429.69,0
317,Central,Road,119.0,177.4,2.03,278.12,0
318,South,Air,126.9,369.6,2.94,765.17,0
319,North,Road,61.5,253.8,2.27,209.63,0
320,East,Rail,86.0,181.8,2.95,237.75,0
321,North,Road,87.2,378.6,4.08,426.36,0
322,East,Road,51.8,199.8,2.34,326.66,0
323,East,Road,106.5,63.6,0.65,175.19,0
324,Central,Road,204.3,196.5,3.61,393.62,0
325,West,Road,38.5,182.4,2.35,200.88,0
326,South,Road,83.6,410.8,3.09,494.78,0
327,Central,Road,57.1,259.1,3.75,348.31,0
328,Central,Road,73.1,199.7,2.05,238.73,0
329,South,Road,86.1,282.2,3.44,368.26,0
330,South,Air,142.8,129.7,1.56,433.69,0
331,South,Road,85.8,176.4,4.58,260.05,1
332,Central,Rail,86.2,590.8,3.26,489.34,0
333,North,Road,133.5,277.8,3.24,350.33,0
334,Central,Road,90.2,521.9,4.13,579.69,1
335,East,Road,97.0,336.1,4.04,514.8,1
336,Central,Road,49.8,81.5,1.67,165.37,0
337,West,Rail,111.7,196.0,2.77,261.24,0
338,West,Rail,65.3,224.4,4.32,229.18,1
339,East,Rail,118.8,85.9,2.55,238.4,0
340,Central,Rail,91.9,56.4,2.89,136.59,0
341,West,Rail,40.7,80.0,2.52,177.6,0
342,East,Road,72.0,231.1,2.97,377.56,0
343,Central,Rail,179.9,321.1,2.95,462.59,0
344,South,Road,192.9,521.1,3.81,588.77,1
345,North,Road,94.6,379.9,3.28,463.2,0
346,West,Road,204.3,546.6,4.47,600.02,1
347,East,Rail,63.2,388.4,4.71,265.47,1
348,East,Road,56.5,61.8,2.36,213.14,0
349,North,Road,124.9,197.5,3.2,423.02,0
350,South,Road,132.3,405.7,3.52,550.3,0
351,West,Road,101.3,241.6,3.82,298.55,0
352,East,Road,86.3,532.3,3.39,321.93,1
353,East,Road,79.2,239.3,2.65,254.37,0
354,East,Road,47.1,318.5,1.71,365.98,0
355,Central,Road,147.6,235.3,2.13,333.04,0
356,West,Road,158.6,293.8,3.92,493.72,0
357,Central,Road,86.8,121.7,2.26,167.93,0
358,North,Rail,55.0,339.5,2.13,355.98,0
359,East,Rail,103.7,282.1,3.55,340.43,0
360,East,Road,44.1,43.3,1.64,134.68,0
361,North,Road,55.6,512.8,2.78,397.4,0
362,East,Rail,178.0,174.7,3.72,306.94,0
363,North,Rail,135.4,272.7,3.45,363.96,0
364,East,Road,87.1,357.2,3.21,369.02,0
365,North,Rail,65.5,250.8,4.07,190.12,0
366,Central,Road,93.5,501.6,3.29,477.7,0
367,North,Road,91.2,344.8,4.03,329.8,1
368,Central,Road,87.7,338.8,2.92,400.28,0
369,South,Rail,54.3,261.6,3.1,324.62,0
370,Central,Rail,92.8,323.0,4.72,366.81,0
371,Central,Road,86.4,158.9,2.74,265.42,0
372,South,Road,88.8,99.8,1.9,190.18,0
373,North,Road,75.7,152.7,2.28,240.35,0
374,South,Road,34.2,114.1,2.24,45.4,0
375,North,Road,136.5,355.1,2.22,439.65,0
376,East,Road,118.1,113.6,2.92,290.86,0
377,East,Road,64.0,128.8,2.23,168.57,0
378,North,Road,251.3,306.2,2.6,543.44,0
379,East,Road,45.6,84.3,1.24,59.76,0
380,Central,Road,56.0,347.4,3.74,359.57,0
381,Central,Rail,78.3,114.5,1.82,165.89,0
382,South,Road,139.6,232.5,4.64,373.79,1
383,East,Rail,38.5,664.7,3.94,562.63,0
384,North,Road,167.2,155.2,2.9,446.34,0
385,North,Rail,223.2,111.0,1.34,113.5,0
386,East,Road,147.2,435.7,3.68,417.66,0
387,West,Rail,289.1,143.1,3.33,347.49,0
388,Central,Road,112.5,63.4,2.55,200.13,0
389,South,Road,98.6,332.9,3.3,345.07,0
390,West,Air,55.8,184.8,1.04,443.66,0
391,North,Road,114.5,471.4,5.46,407.27,1
392,Central,Road,186.0,422.5,4.44,448.04,1
393,Central,Road,126.7,199.5,2.15,256.66,0
394,West,Air,113.8,241.2,2.03,670.14,0
395,West,Rail,76.6,196.1,0.82,187.58,0
396,North,Air,171.1,139.7,1.11,720.25,0
397,West,Air,122.8,117.4,2.29,558.14,0
398,Central,Road,94.2,72.9,1.67,167.49,0
399,Central,Road,46.5,149.0,2.34,248.22,0
400,East,Road,59.4,170.5,1.44,288.41,0
401,South,Road,95.0,289.0,3.58,275.56,0
402,East,Road,212.8,405.3,3.94,443.21,1
403,East,Air,49.3,157.2,1.16,546.18,0
404,North,Road,66.9,410.8,4.05,356.08,0
405,East,Rail,123.8,157.7,4.46,302.49,0
406,South,Rail,145.1,655.0,5.78,683.45,1
407,North,Road,203.9,84.3,1.19,191.66,0
408,North,Road,109.9,206.3,3.0,338.31,0
409,Central,Road,129.6,212.3,2.99,355.51,0
410,West,Rail,105.8,183.8,2.26,331.08,0
411,North,Road,106.3,113.4,1.02,224.41,0
412,Central,Road,78.0,207.4,2.23,298.92,0
413,Central,Road,164.6,118.4,2.31,305.42,0
414,Central,Road,237.5,374.5,3.76,526.17,0
415,North,Air,120.9,517.9,2.23,891.73,0
416,North,Rail,93.0,198.7,3.3,311.73,0
417,East,Air,75.3,232.9,1.78,630.85,0
418,West,Rail,66.2,292.8,3.2,321.37,0
419,North,Road,160.6,223.4,3.24,428.09,0
420,Central,Rail,91.5,96.1,2.31,117.66,0
421,West,Road,41.3,516.9,2.34,433.09,0
422,East,Road,118.0,265.9,2.92,411.74,0
423,Central,Road,95.6,241.7,3.45,299.3,0
424,South,Road,131.6,345.6,5.45,399.42,1
425,South,Rail,49.2,197.3,1.3,222.51,0
426,Central,Road,77.4,344.3,2.67,278.16,0
427,South,Rail,143.9,393.5,3.42,455.38,0
428,South,Road,69.7,172.1,2.6,267.01,0
429,East,Road,87.7,264.4,2.1,303.53,0
430,West,Road,204.0,513.5,4.31,546.64,1
431,North,Road,116.5,114.8,3.13,342.23,0
432,South,Road,148.1,166.3,2.06,329.29,0
433,Central,Rail,139.0,184.5,3.24,222.27,0
434,North,Road,133.8,317.2,4.48,368.42,1
435,East,Road,241.3,301.7,4.25,391.59,1
436,East,Air,91.6,212.7,0.5,432.53,0
437,West,Road,47.3,220.4,4.14,138.19,1
438,South,Air,105.3,125.5,0.7,434.19,0
439,North,Rail,73.0,378.3,4.04,395.47,1
440,North,Road,56.1,317.1,2.56,378.52,0
441,Central,Road,132.3,184.9,2.31,296.45,0
442,North,Road,66.2,282.4,2.24,378.53,0
443,East,Road,29.0,483.6,3.93,468.6,0
444,South,Rail,105.4,198.7,2.61,195.21,0
445,South,Road,93.6,394.0,2.33,374.47,0
446,East,Road,82.5,192.3,2.06,281.23,0
447,East,Road,36.6,281.0,2.68,330.42,0
448,North,Road,114.2,58.8,0.52,257.95,0
449,Central,Road,171.0,102.5,3.15,193.5,0
450,South,Rail,53.6,406.7,3.26,256.75,0
451,East,Road,107.7,89.7,2.8,331.62,0
452,East,Road,79.0,534.7,4.93,501.17,1
453,Central,Road,64.6,125.3,2.44,258.29,0
454,Central,Road,110.4,332.3,3.59,396.82,0
455,Central,Road,46.4,437.6,2.96,332.82,0
456,West,Rail,163.5,203.2,2.94,405.24,0
457,South,Road,83.7,212.6,1.09,309.35,0
458,South,Road,136.0,186.5,2.55,397.79,0
459,North,Road,77.1,204.3,2.11,305.72,0
460,South,Air,63.1,99.7,0.5,368.7,0
461,North,Road,84.9,86.4,2.34,185.63,0
462,East,Road,136.3,396.5,4.73,527.03,1
463,Central,Road,163.6,495.7,4.32,524.27,0
464,East,Road,111.8,179.0,3.51,293.11,0
465,West,Road,133.0,222.5,2.62,403.77,0
466,South,Air,167.5,553.6,2.33,788.57,0
467,Central,Road,87.1,200.0,2.62,253.1,0
468,North,Road,95.8,161.4,2.18,265.04,0
469,West,Road,155.5,435.0,2.83,571.28,0
470,West,Road,21.1,389.4,3.87,352.7,0
471,West,Air,117.5,734.1,3.78,910.6,0
472,Central,Road,97.4,269.8,2.35,371.33,0
473,South,Road,120.5,322.8,3.33,361.34,0
474,South,Road,50.6,183.1,2.25,255.69,0
475,East,Road,246.8,160.9,3.53,411.97,0
476,Central,Rail,107.1,338.0,5.05,360.7,0
477,South,Road,86.2,371.6,2.73,455.7,0
478,South,Road,147.6,190.4,1.81,394.52,0
479,North,Rail,169.4,298.8,4.97,320.75,1
480,West,Road,86.0,256.7,4.7,349.19,0
481,North,Air,116.0,251.8,1.3,581.27,0
482,West,Road,117.7,279.6,2.27,345.53,0
483,East,Road,143.3,71.9,1.34,236.04,0
484,East,Rail,99.7,337.8,3.75,437.06,1
485,East,Road,127.4,543.4,4.14,561.59,1
486,West,Road,56.9,586.2,3.74,519.73,1
487,South,Road,120.6,305.7,3.78,310.65,1
488,Central,Road,422.9,197.0,3.2,566.74,0
489,South,Road,114.8,435.9,3.11,478.73,0
490,Central,Road,157.3,529.7,3.11,529.97,0
491,South,Road,140.3,165.0,3.76,280.35,0
492,West,Road,57.0,362.3,3.95,400.56,1
493,East,Road,159.5,217.6,3.97,439.12,0
494,West,Rail,35.4,155.7,2.14,155.52,0
495,North,Air,45.6,357.3,2.99,728.04,0
496,North,Road,121.6,71.8,2.45,272.59,0
497,East,Road,118.8,358.6,3.89,477.56,0
498,Central,Road,115.0,203.4,3.16,341.36,0
499,North,Rail,124.8,152.2,2.89,257.46,0
500,Central,Road,325.6,319.6,3.82,545.14,0
